<?xml version="1.0" encoding="UTF-8"?>
<project-private xmlns="http://www.netbeans.org/ns/project-private/1">
    <editor-bookmarks xmlns="http://www.netbeans.org/ns/editor-bookmarks/2" lastBookmarkId="0"/>
    <open-files xmlns="http://www.netbeans.org/ns/projectui-open-files/2">
        <group>
            <file>file:/C:/Users/michp/OneDrive/Documents/NetBeansProjects/seatfinder/src/seatfinder/FrmLogin.java</file>
            <file>file:/C:/Users/michp/OneDrive/Documents/NetBeansProjects/seatfinder/src/dao/UserHandler.java</file>
            <file>file:/C:/Users/michp/OneDrive/Documents/NetBeansProjects/seatfinder/src/seatfinder/FrmMain.java</file>
            <file>file:/C:/Users/michp/OneDrive/Documents/NetBeansProjects/seatfinder/src/seatfinder/FrmMakeReservation.java</file>
            <file>file:/C:/Users/michp/OneDrive/Documents/NetBeansProjects/seatfinder/src/bo/Users.java</file>
            <file>file:/C:/Users/michp/OneDrive/Documents/NetBeansProjects/seatfinder/src/bo/Participants.java</file>
            <file>file:/C:/Users/michp/OneDrive/Documents/NetBeansProjects/seatfinder/src/utils/SQLUtil.java</file>
        </group>
    </open-files>
</project-private>
